user_id,user_name,age,location
1,Nikhil Mehta,26,Siddipet
2,Preeti Kalyan,26,Nizamabad
3,Ajay Rathi,22,Adilabad
4,Shalini Choudhary,24,Adilabad
5,Shalini Lakshmi,31,Karimnagar
6,Manoj Joshi,33,Karimnagar
7,Sandeep Nambiar,26,Hyderabad
8,Karthik Verma,26,Khammam
9,Divya Hegde,25,Nizamabad
10,Varun Vardhan,21,Hyderabad
11,Arjun Verma,22,Hyderabad
12,Sandeep Krishnan,21,Adilabad
13,Tarun Pillai,26,Karimnagar
14,Bhavana Pillai,35,Nizamabad
15,Rohit Manda,31,Siddipet
16,Deepika Deshmukh,36,Karimnagar
17,Rajeev Rani,33,Khammam
18,Vinay Rani,29,Adilabad
19,Deepika Mirza,35,Khammam
20,Janani Goud,23,Karimnagar
21,Nikhil Khurana,22,Hyderabad
22,Arvind Rao,34,Warangal
23,Deepika Rathi,29,Nizamabad
24,Charan Vardhan,26,Nizamabad
25,Harsha Farooqi,35,Khammam
26,Riya Joshi,34,Karimnagar
27,Aditya Choudhary,24,Adilabad
28,Raghav Hussain,25,Nizamabad
29,Anusha Mehta,33,Siddipet
30,Anusha Sinha,23,Khammam
31,Rajeev Laxman,25,Khammam
32,Pooja Choudhary,31,Karimnagar
33,Sandeep Laxman,24,Nizamabad
34,Deepika Balan,25,Hyderabad
35,Rohit Patil,33,Warangal
36,Anusha Iyer,32,Mahabubnagar
37,Priya Farooqi,32,Adilabad
38,Tejas Krishnan,29,Warangal
39,Harsha Joshi,21,Warangal
40,Varun Desai,23,Khammam
41,Vinay Reddy,21,Nizamabad
42,Ishita Shetty,26,Warangal
43,Surya Vardhan,33,Warangal
44,Sandeep Lakshmi,24,Khammam
45,Sandeep Mahesh,30,Siddipet
46,Ramya Sharma,23,Nizamabad
47,Charan Aggarwal,31,Hyderabad
48,Ramya Teja,34,Nizamabad
49,Anusha Patil,28,Khammam
50,Arvind Nambiar,30,Nizamabad
